product_name,geography,segment,verified_contacts,open_rate,reply_rate,best_send_days,compliance,source_url
Argentina Business Email List,Argentina,business email list,530000,17-25%,3-6%,Tuesday; Wednesday; Thursday,Argentina's Personal Data Protection Act 25.326 (2000) governs data processing and requires consent for marketing commun,https://leadsblue.com/leads/argentina-business-email-leads-database/
Australia Business Email Database,Australia,business email list,1800000,18-26%,3-7%,Tuesday; Wednesday; Thursday,The Spam Act 2003 requires consent (express or inferred) for commercial electronic messages. Inferred consent applies wh,https://leadsblue.com/leads/australia-business-email-leads-database/
Bahrain Business Email Database,Bahrain,business email list,146928,16-24%,2.5-5%,Monday; Tuesday; Wednesday,Bahrain's Personal Data Protection Law (PDPL 2018) governs data processing and requires consent for personal data use. T,https://leadsblue.com/leads/bahrain-business-email-leads-database/
Bangladesh Business Mailing List,Bangladesh,business email list,47935,17-26%,2.5-5.5%,Sunday; Monday; Tuesday,Bangladesh's Digital Security Act 2018 governs digital communications broadly. A specific data protection law has been d,https://leadsblue.com/leads/bangladesh-business-email-leads-database/
Belarus BB Database,Belarus,targeted email list,266253,8-14%,1-2.5%,Tuesday; Wednesday,Belarus has data protection provisions under national law but Western sanctions compliance requirements override any com,https://leadsblue.com/leads/belarus-business-email-leads-database/
Brazil Business Email List,Brazil,business email list,2800000,17-25%,3-6%,Tuesday; Wednesday; Thursday,Brazil's LGPD (Lei Geral de Proteção de Dados Pessoais) mirrors GDPR in structure and was fully effective from August 20,https://leadsblue.com/leads/brazil-business-email-leads-database/
Bulgaria Business Email Database,Bulgaria,business email list,220599,16-24%,2.5-5%,Tuesday; Wednesday; Thursday,"Bulgaria follows GDPR, enforced by CPDP (Commission for Personal Data Protection). Legitimate interest applies for B2B c",https://leadsblue.com/leads/bulgaria-business-email-leads-database/
Canada Business Contact List,Canada,business email list,2000000,17-24%,3-6%,Tuesday; Wednesday; Thursday,"CASL (Canada's Anti-Spam Legislation) is among the world's strictest email marketing frameworks, with penalties up to C$",https://leadsblue.com/leads/canada-business-email-leads-database/
Chile Business Email List,Chile,business email list,257000,17-25%,3-6%,Tuesday; Wednesday; Thursday,Chile's Law No. 19.628 on the Protection of Private Life governs data processing. A comprehensive data protection update,https://leadsblue.com/leads/chile-business-email-leads-database/
China Business Email Database,China,business email list,2100000,10-16%,1-3%,Tuesday; Wednesday,China's PIPL (Personal Information Protection Law 2021) is among the world's strictest data protection frameworks. It re,https://leadsblue.com/leads/china-business-email-leads-database/
Croatia Business Mailing List,Croatia,business email list,273000,15-23%,2.5-5%,Tuesday; Wednesday; Thursday,"Croatia follows GDPR, enforced by AZOP (Agencija za zaštitu osobnih podataka). Legitimate interest applies for B2B cold ",https://leadsblue.com/leads/croatia-business-email-leads-database/
Cyprus Business Email List,Cyprus,business email list,18000,16-24%,3-6%,Tuesday; Wednesday; Thursday,"Cyprus follows GDPR, enforced by the Office of the Commissioner for Personal Data Protection. Legitimate interest applie",https://leadsblue.com/leads/cyprus-business-email-leads-database/
Czech Republic BB Database,Czech Republic,targeted email list,125000,15-23%,2.5-5%,Tuesday; Wednesday; Thursday,"Czech Republic follows GDPR, enforced by ÚOOÚ (Úřad pro ochranu osobních údajů — Office for Personal Data Protection). Ú",https://leadsblue.com/leads/czech-republic-business-email-leads-database/
Denmark Business Email List,Denmark,business email list,283000,15-23%,3-6%,Tuesday; Wednesday; Thursday,"Denmark follows GDPR, enforced by Datatilsynet. Legitimate interest applies for B2B cold email where communication is pr",https://leadsblue.com/leads/denmark-business-email-leads-database/
Egypt Business Email Database,Egypt,business email list,190000,17-26%,2.5-5.5%,Sunday; Monday; Tuesday,"Egypt enacted Data Protection Law No. 151 of 2020, with implementing regulations published in 2021. The law requires con",https://leadsblue.com/leads/egypt-business-email-leads-database/
Estonia Business Contact List,Estonia,business email list,273000,17-25%,3-6.5%,Tuesday; Wednesday; Thursday,"Estonia follows GDPR, enforced by the Data Protection Inspectorate. Legitimate interest applies for B2B cold email. Esto",https://leadsblue.com/leads/estonia-business-email-leads-database/
Finland Business Email Database,Finland,business email list,145000,15-22%,2.5-5.5%,Tuesday; Wednesday; Thursday,"Finland follows GDPR, enforced by Tietosuojavaltuutettu (the Office of the Data Protection Ombudsman). Legitimate intere",https://leadsblue.com/leads/finland-business-email-leads-database/
Ghana Business Email List,Ghana,business email list,54015,21-31%,4-7.5%,Monday; Tuesday; Wednesday,Ghana's Data Protection Act 2012 requires registration with the Data Protection Commission for data processing activitie,https://leadsblue.com/leads/ghana-business-email-leads-database/
Greece Business Mailing List,Greece,business email list,300000,15-23%,2.5-5%,Tuesday; Wednesday; Thursday,"Greece follows GDPR, enforced by HDPA (Hellenic Data Protection Authority — Αρχή Προστασίας Δεδομένων Προσωπικού Χαρακτή",https://leadsblue.com/leads/greece-business-email-leads-database/
Hungary Business Email List,Hungary,business email list,224000,15-22%,2.5-5%,Tuesday; Wednesday; Thursday,"Hungary follows GDPR, enforced by NAIH (Nemzeti Adatvédelmi és Információszabadság Hatóság — National Authority for Data",https://leadsblue.com/leads/hungary-business-email-leads-database/
Iceland Business Email Database,Iceland,business email list,20000,18-26%,3.5-7%,Tuesday; Wednesday; Thursday,"Iceland follows GDPR via EEA membership (not EU), enforced by Persónuvernd. Legitimate interest applies for B2B cold ema",https://leadsblue.com/leads/iceland-business-email-leads-database/
Indonesia Business Contact List,Indonesia,business email list,260000,18-27%,2.5-5.5%,Monday; Tuesday; Wednesday,Indonesia's Personal Data Protection (PDP) Law No. 27 of 2022 became effective October 2024. Implementation rules were b,https://leadsblue.com/leads/indonesia-business-email-leads-database/
Israel Business Email Database,Israel,business email list,230000,19-27%,3.5-7%,Sunday; Monday; Tuesday,Israel's Privacy Protection Law (1981) is under update via an amendment passed in 2023 that aligns Israeli data protecti,https://leadsblue.com/leads/israel-business-email-leads-database/
Japan Business Email List and Sales Leads Database,Japan,business email list,1300000,12-18%,1.5-3.5%,Tuesday; Wednesday; Thursday,"Japan's Act on Regulation of Transmission of Specified Electronic Mail (2002, amended 2008) requires opt-in consent for ",https://leadsblue.com/leads/japan-business-email-leads-database/
Kuwait Business Email Database,Kuwait,business email list,179000,14-22%,2-4.5%,Sunday; Monday; Tuesday,Kuwait does not yet have a comprehensive personal data protection law — data protection is currently governed by sector-,https://leadsblue.com/leads/kuwait-business-email-leads-database/
Latvia Business Email List,Latvia,business email list,18000,15-23%,2.5-5%,Tuesday; Wednesday; Thursday,"Latvia follows GDPR, enforced by the Data State Inspectorate. Legitimate interest applies for B2B cold email to corporat",https://leadsblue.com/leads/latvia-business-email-leads-database/
Lebanon Business Email Database,Lebanon,business email list,230000,16-24%,2.5-5.5%,Tuesday; Wednesday; Thursday,Lebanon has limited formal data protection legislation. Commercial email practices are governed by general commercial la,https://leadsblue.com/leads/lebanon-business-email-leads-database/
Lithuania Business Email List,Lithuania,business email list,7000,16-24%,3-6%,Tuesday; Wednesday; Thursday,"Lithuania follows GDPR, enforced by the State Data Protection Inspectorate. Legitimate interest applies for B2B cold ema",https://leadsblue.com/leads/lithuania-business-email-leads-database/
Malaysia Business Email Database,Malaysia,business email list,200000,18-27%,3-6%,Tuesday; Wednesday; Thursday,"Malaysia's PDPA (Personal Data Protection Act 2010) explicitly excludes business contact information (name, position, bu",https://leadsblue.com/leads/malaysia-business-email-leads-database/
Malta Business Email List,Malta,business email list,9500,17-25%,3-6.5%,Tuesday; Wednesday; Thursday,"Malta follows GDPR, enforced by the IDPC (Information and Data Protection Commissioner). Legitimate interest applies for",https://leadsblue.com/leads/malta-business-email-leads-database/
Mexico Business Mailing List,Mexico,business email list,1400000,17-25%,3-6%,Tuesday; Wednesday; Thursday,Mexico's LFPDPPP (Federal Law on Protection of Personal Data Held by Private Parties) governs personal data processing a,https://leadsblue.com/leads/mexico-business-email-leads-database/
Montenegro Business Email List,Montenegro,business email list,24000,15-23%,2.5-5%,Tuesday; Wednesday; Thursday,"Montenegro has a data protection law aligned with GDPR as part of EU accession requirements, enforced by the Agency for ",https://leadsblue.com/leads/montenegro-business-email-leads-database/
Morocco Business Email Database,Morocco,business email list,111000,16-24%,2.5-5.5%,Monday; Tuesday; Wednesday,Morocco's Law 09-08 on the Protection of Personal Data governs data processing and requires consent for marketing commun,https://leadsblue.com/leads/morocco-business-email-leads-database/
New Zealand Business Email List and Sales Leads Database,New Zealand,business email list,1200000,18-26%,3-6.5%,Tuesday; Wednesday; Thursday,New Zealand's Unsolicited Electronic Messages Act (UEMA 2007) requires consent (express or inferred) for commercial elec,https://leadsblue.com/leads/new-zealand-business-email-leads-database/
Norway Business Contact List,Norway,business email list,170000,16-24%,3-6%,Tuesday; Wednesday; Thursday,"Norway follows GDPR via EEA membership (not EU), enforced by Datatilsynet (same name as the Danish authority). Legitimat",https://leadsblue.com/leads/norway-business-email-leads-database/
Oman Business Email Database,Oman,business email list,214000,15-22%,2-4.5%,Sunday; Monday; Tuesday,Oman's Personal Data Protection Law was enacted in 2022. The ITA (Information Technology Authority) oversees enforcement,https://leadsblue.com/leads/oman-business-email-leads-database/
Pakistan Business Email List,Pakistan,business email list,1900000,18-28%,3-6.5%,Monday; Tuesday; Wednesday,Pakistan's Personal Data Protection Act has been drafted and revised multiple times but was still pending final enactmen,https://leadsblue.com/leads/pakistan-business-email-leads-database/
Peru Business Email Database,Peru,business email list,190000,17-25%,3-6%,Tuesday; Wednesday; Thursday,Peru's Ley de Protección de Datos Personales (Law 29733) governs data processing and requires informed consent for perso,https://leadsblue.com/leads/peru-business-email-leads-database/
Philippines Business Contact List,Philippines,business email list,800000,19-28%,3.5-7%,Tuesday; Wednesday; Thursday,The Philippines' Data Privacy Act 2012 (DPA) governs personal data processing and requires consent as the primary legal ,https://leadsblue.com/leads/philippines-business-email-leads-database/
Poland Business Email List,Poland,business email list,125000,15-22%,2.5-5%,Tuesday; Wednesday; Thursday,"Poland follows GDPR, enforced by UODO (Urząd Ochrony Danych Osobowych — Office for Personal Data Protection). UODO follo",https://leadsblue.com/leads/poland-business-email-leads-database/
Qatar Business Email List,Qatar,business email list,75000,14-22%,2-4.5%,Sunday; Monday; Tuesday,Qatar's Personal Data Privacy Protection Law (Law No. 13 of 2016) governs data processing. Consent is required for perso,https://leadsblue.com/leads/qatar-business-email-leads-database/
Romania Business Email Database,Romania,business email list,290000,16-24%,2.5-5%,Tuesday; Wednesday; Thursday,"Romania follows GDPR, enforced by ANSPDCP (Autoritatea Națională de Supraveghere a Prelucrării Datelor cu Caracter Perso",https://leadsblue.com/leads/romania-business-email-leads-database/
Russia Business Email List,Russia,business email list,1200000,12-18%,1.5-3%,Tuesday; Wednesday; Thursday,Russia's Federal Law No. 152-FZ on Personal Data requires consent for personal data processing including marketing. Rosk,https://leadsblue.com/leads/russia-business-email-leads-database/
Saudi Arabia Business Email List,Saudi Arabia,business email list,100000,15-23%,2-5%,Sunday; Monday; Tuesday,Saudi Arabia's Personal Data Protection Law (PDPD 2022) became effective in September 2023. Consent is required for pers,https://leadsblue.com/leads/saudi-arabia-business-email-leads-database/
Serbia Business Email Database,Serbia,business email list,25000,16-24%,2.5-5.5%,Tuesday; Wednesday; Thursday,"Serbia has its own data protection law (Law on Personal Data Protection 2018) modelled on GDPR, enforced by the Commissi",https://leadsblue.com/leads/serbia-business-email-leads-database/
Singapore Business Email List,Singapore,business email list,160000,19-28%,3.5-7%,Tuesday; Wednesday; Thursday,"Singapore's PDPA uniquely and explicitly excludes business contact information — name, job title, business phone, busine",https://leadsblue.com/leads/singapore-business-email-leads-database/
Slovenia Business Email Database,Slovenia,business email list,11000,15-22%,2.5-5%,Tuesday; Wednesday; Thursday,"Slovenia follows GDPR, enforced by the Information Commissioner. Legitimate interest applies for B2B cold email.",https://leadsblue.com/leads/slovenia-business-email-leads-database/
South Africa Business Mailing List,South Africa,business email list,630000,19-28%,3-6.5%,Tuesday; Wednesday; Thursday,POPIA (Protection of Personal Information Act) became fully effective July 2021. The Act permits direct marketing via em,https://leadsblue.com/leads/south-africa-business-email-leads-database/
Sri Lanka Business Email List,Sri Lanka,business email list,45000,18-27%,3-6.5%,Monday; Tuesday; Wednesday,Sri Lanka is developing comprehensive data protection legislation — a draft Bill has been circulating but not enacted as,https://leadsblue.com/leads/sri-lanka-business-email-leads-database/
Sweden Business Email Database,Sweden,business email list,600000,15-23%,3-6%,Tuesday; Wednesday; Thursday,"Sweden follows GDPR, enforced by IMY (Integritetsskyddsmyndigheten — the Swedish Authority for Privacy Protection). IMY ",https://leadsblue.com/leads/sweden-business-email-leads-database/
Thailand Business Email Database,Thailand,business email list,2500000,17-26%,2.5-5.5%,Tuesday; Wednesday; Thursday,Thailand's PDPA (Personal Data Protection Act 2019) became effective June 2022. Legitimate interest is available as a le,https://leadsblue.com/leads/thailand-business-email-leads-database/
Togo Business Email List,Togo,business email list,22000,18-27%,3-6%,Monday; Tuesday; Wednesday,Togo has limited specific data protection legislation — general commercial law provisions apply. Enforcement of commerci,https://leadsblue.com/leads/togo-business-email-leads-database/
Turkey Business Email Database,Turkey,business email list,1300000,17-25%,2.5-5.5%,Tuesday; Wednesday; Thursday,Turkey's KVKK (Kişisel Verileri Koruma Kanunu — Law No. 6698 on Protection of Personal Data) requires consent for market,https://leadsblue.com/leads/turkey-business-email-leads-database/
UAE Business Email Database,United Arab Emirates,business email list,250000,,,,,https://leadsblue.com/leads/united-arab-emirates-business-email-leads-database/
Vietnam Business Email Database,Vietnam,business email list,770000,18-27%,3-6.5%,Monday; Tuesday; Wednesday,Vietnam's Cybersecurity Law (2019) and Decree 13/2023 on Personal Data Protection are the primary frameworks. Consent is,https://leadsblue.com/leads/vietnam-business-email-leads-database/
Home & Garden Users Email List,Worldwide,targeted email list,22000000,,,,,https://leadsblue.com/leads/home-garden-interested-users-email-leads-database/
Online Shopping Users Email List,Worldwide,targeted email list,68000000,,,,,https://leadsblue.com/leads/online-shopping-users-email-leads-database/
AOL User Email list Database - Targeted Mailing Database,Worldwide,targeted email list,58000000,,,,,https://leadsblue.com/leads/aol-user-email-database/
Hotmail Email Addresses: Hotmail User Email list Database,Worldwide,targeted email list,25000000,,,,,https://leadsblue.com/leads/hotmail-user-email-list-database/
"MSN Outlook , Office Email List Database",Worldwide,targeted email list,52000000,,,,,https://leadsblue.com/leads/msn-consumer-email-database/
Yahoo Users Email List,Worldwide,targeted email list,75000000,,,,,https://leadsblue.com/leads/yahoo-consumer-email-database/
Hong Kong Business Email List,Hong Kong,business email list,200000,16-24%,2.5-5.5%,Tuesday; Wednesday; Thursday,"Hong Kong's PDPO (Personal Data (Privacy) Ordinance) explicitly excludes business contact information (name, job title, ",https://leadsblue.com/leads/hong-kong-business-email-leads-database/
Premium Antivirus Users Email Database,Worldwide,targeted email list,25000000,,,,,https://leadsblue.com/leads/2018-premium-antivirus-users-email-database/
Internet Marketers Email List,Worldwide,targeted email list,17000000,,,,,https://leadsblue.com/leads/internet-marketers-online-business-owners-database/
Saudi Arabia Email & Phone List,Saudi Arabia,targeted email list,2000000,15-23%,2-5%,Sunday; Monday; Tuesday,Saudi Arabia's Personal Data Protection Law (PDPD 2022) became effective in September 2023. Consent is required for pers,https://leadsblue.com/leads/saudi-arabia-emails-and-mobile-phone-nos/
Muslim Users Email List,Worldwide,targeted email list,2000000,,,,,https://leadsblue.com/leads/muslim-users-emails-list-email-addresses-database/
Cannabis Users Email List,Worldwide,targeted email list,300000,,,,,https://leadsblue.com/leads/cannabis-users-email-leads-database-weed-smokers-marijuana-enthusiasts-email-list/
[Offer] Billion Global Email List,Worldwide,targeted email list,2000000000,,,,,https://leadsblue.com/leads/2-billion-emails-list-au-usa-uk-ca-worldwide-leads/
CS:GO Esports Users Email List,Worldwide,targeted email list,750000,,,,,https://leadsblue.com/leads/cs-go-esports-users-and-players-email-list-database/
Linux Users Email List,Worldwide,targeted email list,10000000,,,,,https://leadsblue.com/leads/linux-users-linux-enthusiasts-email-list-database/
Minecraft Server Users Email List,Worldwide,targeted email list,2500000,,,,,https://leadsblue.com/leads/minecraft-pe-server-users-email-list-database/
Women Magazine Readers Email List,Worldwide,targeted email list,1500000,,,,,https://leadsblue.com/leads/women-magazine-readers-emails-list-database/
Web Hosting Users Email List,Worldwide,targeted email list,10000000,,,,,https://leadsblue.com/leads/web-hosting-users-email-list-database/
Fashion & Models Email List,Worldwide,targeted email list,5000000,,,,,https://leadsblue.com/leads/fashion-stylistmodels-users-email-list-database/
Mangafox Readers Email List,Worldwide,targeted email list,1000000,,,,,https://leadsblue.com/leads/mangafox-readers-email-list-database/
Call of Gods Players Email List,Worldwide,targeted email list,1000000,,,,,https://leadsblue.com/leads/call-of-gods-players-email-list-database/
Web Comics Readers Email List,Worldwide,targeted email list,1000000,,,,,https://leadsblue.com/leads/online-web-comics-readers-email-list-database/
USA Coupon Website Users Email List,Worldwide,targeted email list,50000000,,,,,https://leadsblue.com/leads/online-usa-coupon-websites-discount-deals-users-email-list-database/
Work From Home Users Email List,Worldwide,targeted email list,50000000,,,,,https://leadsblue.com/leads/work-from-home-make-money-online-users-email-list-database/
Paid Surveys Users Email List,Worldwide,targeted email list,25000000,,,,,https://leadsblue.com/leads/paid-online-surveys-online-money-making-interested-users-email-list-database/
IT Professionals Email List,Worldwide,targeted email list,1000000,,,,,https://leadsblue.com/leads/it-professionals-and-programmers-email-list-database/
Twitter Users Email List Database,Worldwide,targeted email list,100000000,,,,,https://leadsblue.com/leads/twitter-users-email-list-database/
LinkedIn Leads,Worldwide,targeted email list,100000000,,,,,https://leadsblue.com/leads/linkedin-users-email-list-database/
RuneScape Players Email List,Worldwide,targeted email list,2500000,,,,,https://leadsblue.com/leads/runescape-players-runescape-server-users-email-list-database/
Comcast Users Email List,Worldwide,targeted email list,2000000,,,,,https://leadsblue.com/leads/comcast-users-email-list-comcast-net-consumer-email-list/
Gmail Users Email List,Worldwide,targeted email list,50000000,,,,,https://leadsblue.com/leads/gmail-users-email-list-sales-leads-database/
Worldwide Email List Offer,Worldwide,targeted email list,3500000000,,,,,https://leadsblue.com/leads/buy-email-list-database/
Websites List Database,Worldwide,targeted email list,500000000,,,,,https://leadsblue.com/leads/websites-databases-global-b2b-databases-by-category-wise/
Whois Database: Complete Whois Email Database Download,Worldwide,targeted email list,500000000,,,,,https://leadsblue.com/leads/whois-database-complete-whois-email-database-download/
South Korea Business Email List,South Korea,business email list,25000,13-20%,2-4%,Tuesday; Wednesday; Thursday,South Korea's PIPA (Personal Information Protection Act) and the Act on Promotion of Information and Communications Netw,https://leadsblue.com/leads/south-korea-business-email-list-sales-leads-database/
Data Worth A Billion Dollars For Only $/-,Worldwide,targeted email list,3000000000,,,,,https://leadsblue.com/leads/data-worth-a-billion-dollars-for-only-999/
Colombia Business Email List,Colombia,business email list,28000,17-25%,3-6%,Tuesday; Wednesday; Thursday,Colombia's LFPDPPP (Ley Estatutaria 1581 de 2012 de Protección de Datos Personales) governs personal data processing. Th,https://leadsblue.com/leads/colombia-business-email-list-database/
Worldwide BB & BC Email List,Worldwide,targeted email list,3500000000,,,,,https://leadsblue.com/leads/world-wide-global-b2b-and-b2c-email-list-database/
Indian Business leads,India,business email list,100000000,16-24%,2.5-5.5%,Monday; Tuesday; Wednesday,India's Digital Personal Data Protection Act (DPDP Act 2023) is in force but the implementing rules and enforcement mech,https://leadsblue.com/leads/indian-business-leads/
